{
	"info": {
		"_postman_id": "38dc3972-db37-4690-8c4d-4736485eae71",
		"name": "M5A2 - encryptedpassword",
		"schema": "https://schema.getpostman.com/json/collection/v2.1.0/collection.json",
		"_exporter_id": "23646862"
	},
	"item": [
		{
			"name": "User5",
			"request": {
				"method": "GET",
				"header": []
			},
			"response": []
		},
		{
			"name": "User1",
			"request": {
				"method": "POST",
				"header": [],
				"body": {
					"mode": "raw",
					"raw": "{\r\n    \"name\": \"Ankitha Bhavana Gaddam\",\r\n    \"email\": \"admin@dxs.io\",\r\n    \"role\": \"admin\",\r\n    \"active\": true,\r\n    \"photo\": \"user-1.jpg\",\r\n    \"password\": \"password12345\",\r\n    \"passwordConfirm\": \"password12345\"\r\n  }",
					"options": {
						"raw": {
							"language": "json"
						}
					}
				},
				"url": {
					"raw": "localhost:3000/api/v1/users/signup",
					"host": [
						"localhost"
					],
					"port": "3000",
					"path": [
						"api",
						"v1",
						"users",
						"signup"
					]
				}
			},
			"response": []
		},
		{
			"name": "User2",
			"request": {
				"method": "POST",
				"header": [],
				"body": {
					"mode": "raw",
					"raw": "{\r\n    \"name\": \"Rhaenyra Targeryan\",\r\n    \"email\": \"admin2@dxs.io\",\r\n    \"role\": \"admin2\",\r\n    \"active\": true,\r\n    \"photo\": \"user-2.jpg\",\r\n    \"password\": \"password12345\",\r\n    \"passwordConfirm\": \"password12345\"\r\n  }",
					"options": {
						"raw": {
							"language": "json"
						}
					}
				},
				"url": {
					"raw": "localhost:3000/api/v1/users/signup",
					"host": [
						"localhost"
					],
					"port": "3000",
					"path": [
						"api",
						"v1",
						"users",
						"signup"
					]
				}
			},
			"response": []
		},
		{
			"name": "User3",
			"request": {
				"method": "POST",
				"header": [],
				"body": {
					"mode": "raw",
					"raw": "{\r\n    \"name\": \"Daemon Targeryan\",\r\n    \"email\": \"admin3@dxs.io\",\r\n    \"role\": \"admin3\",\r\n    \"active\": true,\r\n    \"photo\": \"user-3.jpg\",\r\n    \"password\": \"password123453\",\r\n    \"passwordConfirm\": \"password123453\"\r\n  }",
					"options": {
						"raw": {
							"language": "json"
						}
					}
				},
				"url": {
					"raw": "localhost:3000/api/v1/users/signup",
					"host": [
						"localhost"
					],
					"port": "3000",
					"path": [
						"api",
						"v1",
						"users",
						"signup"
					]
				}
			},
			"response": []
		},
		{
			"name": "User4",
			"request": {
				"method": "POST",
				"header": [],
				"body": {
					"mode": "raw",
					"raw": "{\r\n    \"name\": \"Aemond Targeryan\",\r\n    \"email\": \"admin4@dxs.io\",\r\n    \"role\": \"admin4\",\r\n    \"active\": true,\r\n    \"photo\": \"user-4.jpg\",\r\n    \"password\": \"password123454\",\r\n    \"passwordConfirm\": \"password123454\"\r\n  }",
					"options": {
						"raw": {
							"language": "json"
						}
					}
				},
				"url": {
					"raw": "localhost:3000/api/v1/users/signup",
					"host": [
						"localhost"
					],
					"port": "3000",
					"path": [
						"api",
						"v1",
						"users",
						"signup"
					]
				}
			},
			"response": []
		},
		{
			"name": "User5",
			"request": {
				"method": "POST",
				"header": [],
				"body": {
					"mode": "raw",
					"raw": "{\r\n    \"name\": \"Aegon Targeryan\",\r\n    \"email\": \"admin5@dxs.io\",\r\n    \"role\": \"admin5\",\r\n    \"active\": true,\r\n    \"photo\": \"user-5.jpg\",\r\n    \"password\": \"password123455\",\r\n    \"passwordConfirm\": \"password123455\"\r\n  }",
					"options": {
						"raw": {
							"language": "json"
						}
					}
				},
				"url": {
					"raw": "localhost:3000/api/v1/users/signup",
					"host": [
						"localhost"
					],
					"port": "3000",
					"path": [
						"api",
						"v1",
						"users",
						"signup"
					]
				}
			},
			"response": []
		}
	]
}